[{"@type":"mappingTemplate","id":"@1","name":"m_OracleToAzure","description":"","bundleVersion":"0","templateId":"@3","deployTime":1572340539000,"hasParameters":false,"valid":true,"fixedConnection":true,"hasParametersDeployed":false,"fixedConnectionDeployed":true,"tasks":1,"mappingPreviewFileRecordId":"@2","documentType":"","references":[{"@type":"reference","refObjectId":"@721ZOJHob8Oh8ORrNwbjag","refType":"connection"},{"@type":"reference","refObjectId":"@dF9F6yfxwg8iY4NhfbgE43","refType":"connection"}]}]