[{"@type":"dssTask","id":"@1","name":"ftp_dataSync","description":"","postProcessingCmd":"cmd","maxLogs":10,"sourceConnectionId":"@d7qkXg0gDSAbpzN9GmGGc6","targetConnectionId":"@7wuABr2cgASisELOlblf4z","targetObject":"TempFile1.csv","targetObjectLabel":"TempFile1.csv","operation":"Insert","maxRows":0,"truncateTarget":false,"bulkApiDBTarget":false,"verbose":false,"srcFlatFileAttrs":{"@type":"flatFileAttrs","id":1510471,"delimiter":",","textQualifier":"\"","escapeChar":"","headerLineNo":1,"firstDataRow":2},"tgtFlatFileAttrs":{"@type":"flatFileAttrs","id":1510472,"delimiter":",","textQualifier":"\"","escapeChar":"","headerLineNo":1,"firstDataRow":2},"targetMetadataUpdated":false,"modelVersion":"V3-R600","queryAll":false,"srcSettings":{"@type":"taskDataSourceSetting","isShowLabels":false,"isNaturalOrder":true},"tgtSettings":{"@type":"taskDataSourceSetting","isShowLabels":false,"isNaturalOrder":true},"cfSettings":{"@type":"taskDataSourceSetting","isShowLabels":false,"isNaturalOrder":false},"bulkApi":false,"bulkApiSerialMode":false,"bulkApiMonitor":false,"isTargetObjectSfCustom":false,"allowNullUpdates":false,"targetBatchSize":200,"assignmentRuleId":"-1","assignmentRuleType":"None","createSuccessFile":false,"bulkApiHardDelete":false,"srcRuntimeAttrs":{"@type":"taskRuntimeAttrs","attrs":{}},"tgtRuntimeAttrs":{"@type":"taskRuntimeAttrs","attrs":{}},"parameterFileEncoding":"UTF-8","sourceObjects":[{"@type":"mObject","name":"parser_out_file.csv","label":"parser_out_file.csv","metadataUpdated":false,"relations":[],"children":[]}],"advancedFilters":[],"filters":[],"fieldMaps":[{"@type":"fieldMap","id":"19065253","targetField":{"@type":"field","id":48027859,"name":"store_code","type":"nstring","uniqueName":"store_code","label":"store_code","parentObject":"TempFile1.csv","pcType":"UNISTRING","precision":255,"scale":0,"columnIndex":0,"isKey":false,"isExternalId":false,"isSfIdLookup":false,"isNullable":true,"isUnique":false,"isCreateable":false,"isUpdateable":true,"isFilterable":true,"isCalculated":false,"showLabel":false,"naturalOrder":0,"linkedFields":["store_code"],"relatedInfos":[],"references":[]},"expression":"store_code"},{"@type":"fieldMap","id":"19065254","targetField":{"@type":"field","id":48027860,"name":"productcode","type":"nstring","uniqueName":"productcode","label":"productcode","parentObject":"TempFile1.csv","pcType":"UNISTRING","precision":255,"scale":0,"columnIndex":1,"isKey":false,"isExternalId":false,"isSfIdLookup":false,"isNullable":true,"isUnique":false,"isCreateable":false,"isUpdateable":true,"isFilterable":true,"isCalculated":false,"showLabel":false,"naturalOrder":0,"linkedFields":["productcode"],"relatedInfos":[],"references":[]},"expression":"productcode"},{"@type":"fieldMap","id":"19065255","targetField":{"@type":"field","id":48027861,"name":"productdesc","type":"nstring","uniqueName":"productdesc","label":"productdesc","parentObject":"TempFile1.csv","pcType":"UNISTRING","precision":255,"scale":0,"columnIndex":2,"isKey":false,"isExternalId":false,"isSfIdLookup":false,"isNullable":true,"isUnique":false,"isCreateable":false,"isUpdateable":true,"isFilterable":true,"isCalculated":false,"showLabel":false,"naturalOrder":0,"linkedFields":["productdesc"],"relatedInfos":[],"references":[]},"expression":"productdesc"},{"@type":"fieldMap","id":"19065256","targetField":{"@type":"field","id":48027862,"name":"price_eatin","type":"nstring","uniqueName":"price_eatin","label":"price_eatin","parentObject":"TempFile1.csv","pcType":"UNISTRING","precision":255,"scale":0,"columnIndex":3,"isKey":false,"isExternalId":false,"isSfIdLookup":false,"isNullable":true,"isUnique":false,"isCreateable":false,"isUpdateable":true,"isFilterable":true,"isCalculated":false,"showLabel":false,"naturalOrder":0,"linkedFields":["price_eatin"],"relatedInfos":[],"references":[]},"expression":"price_eatin"},{"@type":"fieldMap","id":"19065257","targetField":{"@type":"field","id":48027863,"name":"price_takeout","type":"nstring","uniqueName":"price_takeout","label":"price_takeout","parentObject":"TempFile1.csv","pcType":"UNISTRING","precision":255,"scale":0,"columnIndex":4,"isKey":false,"isExternalId":false,"isSfIdLookup":false,"isNullable":true,"isUnique":false,"isCreateable":false,"isUpdateable":true,"isFilterable":true,"isCalculated":false,"showLabel":false,"naturalOrder":0,"linkedFields":["price_takeout"],"relatedInfos":[],"references":[]},"expression":"price_takeout"},{"@type":"fieldMap","id":"19065258","targetField":{"@type":"field","id":48027864,"name":"price_other","type":"nstring","uniqueName":"price_other","label":"price_other","parentObject":"TempFile1.csv","pcType":"UNISTRING","precision":255,"scale":0,"columnIndex":5,"isKey":false,"isExternalId":false,"isSfIdLookup":false,"isNullable":true,"isUnique":false,"isCreateable":false,"isUpdateable":true,"isFilterable":true,"isCalculated":false,"showLabel":false,"naturalOrder":0,"linkedFields":["price_other"],"relatedInfos":[],"references":[]},"expression":"price_other"},{"@type":"fieldMap","id":"19065259","targetField":{"@type":"field","id":48027865,"name":"initial_date","type":"nstring","uniqueName":"initial_date","label":"initial_date","parentObject":"TempFile1.csv","pcType":"UNISTRING","precision":255,"scale":0,"columnIndex":6,"isKey":false,"isExternalId":false,"isSfIdLookup":false,"isNullable":true,"isUnique":false,"isCreateable":false,"isUpdateable":true,"isFilterable":true,"isCalculated":false,"showLabel":false,"naturalOrder":0,"linkedFields":["initial_date"],"relatedInfos":[],"references":[]},"expression":"initial_date"},{"@type":"fieldMap","id":"19065260","targetField":{"@type":"field","id":48027866,"name":"product_status_code","type":"nstring","uniqueName":"product_status_code","label":"product_status_code","parentObject":"TempFile1.csv","pcType":"UNISTRING","precision":255,"scale":0,"columnIndex":7,"isKey":false,"isExternalId":false,"isSfIdLookup":false,"isNullable":true,"isUnique":false,"isCreateable":false,"isUpdateable":true,"isFilterable":true,"isCalculated":false,"showLabel":false,"naturalOrder":0,"linkedFields":["product_status_code"],"relatedInfos":[],"references":[]},"expression":"product_status_code"},{"@type":"fieldMap","id":"19065261","targetField":{"@type":"field","id":48027867,"name":"product_approval_code","type":"nstring","uniqueName":"product_approval_code","label":"product_approval_code","parentObject":"TempFile1.csv","pcType":"UNISTRING","precision":255,"scale":0,"columnIndex":8,"isKey":false,"isExternalId":false,"isSfIdLookup":false,"isNullable":true,"isUnique":false,"isCreateable":false,"isUpdateable":true,"isFilterable":true,"isCalculated":false,"showLabel":false,"naturalOrder":0,"linkedFields":["product_approval_code"],"relatedInfos":[],"references":[]},"expression":"product_approval_code"}],"sourceFields":[{"@type":"field","id":48027868,"name":"store_code","type":"nstring","uniqueName":"store_code","label":"store_code","parentObject":"parser_out_file.csv","pcType":"UNISTRING","precision":255,"scale":0,"columnIndex":0,"isKey":false,"isExternalId":false,"isSfIdLookup":false,"isNullable":true,"isUnique":false,"isCreateable":false,"isUpdateable":true,"isFilterable":true,"isCalculated":false,"showLabel":false,"naturalOrder":0,"linkedFields":["store_code"],"relatedInfos":[],"references":[]},{"@type":"field","id":48027869,"name":"productcode","type":"nstring","uniqueName":"productcode","label":"productcode","parentObject":"parser_out_file.csv","pcType":"UNISTRING","precision":255,"scale":0,"columnIndex":1,"isKey":false,"isExternalId":false,"isSfIdLookup":false,"isNullable":true,"isUnique":false,"isCreateable":false,"isUpdateable":true,"isFilterable":true,"isCalculated":false,"showLabel":false,"naturalOrder":0,"linkedFields":["productcode"],"relatedInfos":[],"references":[]},{"@type":"field","id":48027870,"name":"productdesc","type":"nstring","uniqueName":"productdesc","label":"productdesc","parentObject":"parser_out_file.csv","pcType":"UNISTRING","precision":255,"scale":0,"columnIndex":2,"isKey":false,"isExternalId":false,"isSfIdLookup":false,"isNullable":true,"isUnique":false,"isCreateable":false,"isUpdateable":true,"isFilterable":true,"isCalculated":false,"showLabel":false,"naturalOrder":0,"linkedFields":["productdesc"],"relatedInfos":[],"references":[]},{"@type":"field","id":48027871,"name":"price_eatin","type":"nstring","uniqueName":"price_eatin","label":"price_eatin","parentObject":"parser_out_file.csv","pcType":"UNISTRING","precision":255,"scale":0,"columnIndex":3,"isKey":false,"isExternalId":false,"isSfIdLookup":false,"isNullable":true,"isUnique":false,"isCreateable":false,"isUpdateable":true,"isFilterable":true,"isCalculated":false,"showLabel":false,"naturalOrder":0,"linkedFields":["price_eatin"],"relatedInfos":[],"references":[]},{"@type":"field","id":48027872,"name":"price_takeout","type":"nstring","uniqueName":"price_takeout","label":"price_takeout","parentObject":"parser_out_file.csv","pcType":"UNISTRING","precision":255,"scale":0,"columnIndex":4,"isKey":false,"isExternalId":false,"isSfIdLookup":false,"isNullable":true,"isUnique":false,"isCreateable":false,"isUpdateable":true,"isFilterable":true,"isCalculated":false,"showLabel":false,"naturalOrder":0,"linkedFields":["price_takeout"],"relatedInfos":[],"references":[]},{"@type":"field","id":48027873,"name":"price_other","type":"nstring","uniqueName":"price_other","label":"price_other","parentObject":"parser_out_file.csv","pcType":"UNISTRING","precision":255,"scale":0,"columnIndex":5,"isKey":false,"isExternalId":false,"isSfIdLookup":false,"isNullable":true,"isUnique":false,"isCreateable":false,"isUpdateable":true,"isFilterable":true,"isCalculated":false,"showLabel":false,"naturalOrder":0,"linkedFields":["price_other"],"relatedInfos":[],"references":[]},{"@type":"field","id":48027874,"name":"initial_date","type":"nstring","uniqueName":"initial_date","label":"initial_date","parentObject":"parser_out_file.csv","pcType":"UNISTRING","precision":255,"scale":0,"columnIndex":6,"isKey":false,"isExternalId":false,"isSfIdLookup":false,"isNullable":true,"isUnique":false,"isCreateable":false,"isUpdateable":true,"isFilterable":true,"isCalculated":false,"showLabel":false,"naturalOrder":0,"linkedFields":["initial_date"],"relatedInfos":[],"references":[]},{"@type":"field","id":48027875,"name":"product_status_code","type":"nstring","uniqueName":"product_status_code","label":"product_status_code","parentObject":"parser_out_file.csv","pcType":"UNISTRING","precision":255,"scale":0,"columnIndex":7,"isKey":false,"isExternalId":false,"isSfIdLookup":false,"isNullable":true,"isUnique":false,"isCreateable":false,"isUpdateable":true,"isFilterable":true,"isCalculated":false,"showLabel":false,"naturalOrder":0,"linkedFields":["product_status_code"],"relatedInfos":[],"references":[]},{"@type":"field","id":48027876,"name":"product_approval_code","type":"nstring","uniqueName":"product_approval_code","label":"product_approval_code","parentObject":"parser_out_file.csv","pcType":"UNISTRING","precision":255,"scale":0,"columnIndex":8,"isKey":false,"isExternalId":false,"isSfIdLookup":false,"isNullable":true,"isUnique":false,"isCreateable":false,"isUpdateable":true,"isFilterable":true,"isCalculated":false,"showLabel":false,"naturalOrder":0,"linkedFields":["product_approval_code"],"relatedInfos":[],"references":[]}],"sortFields":[],"groupFields":[]}]