[{"@type":"mappingTemplate","id":"@1","name":"m_AzureDWToFlatFile","description":"","bundleVersion":"0","templateId":"@3","deployTime":1572416523000,"hasParameters":false,"valid":true,"fixedConnection":true,"hasParametersDeployed":false,"fixedConnectionDeployed":true,"tasks":1,"mappingPreviewFileRecordId":"@2","documentType":"","references":[{"@type":"reference","refObjectId":"@1GVRnqizDGkkeytwF0EmIM","refType":"connection"},{"@type":"reference","refObjectId":"@5KlLKRAnWsRjDz5UhZOHw4","refType":"connection"}]}]