[{"@type":"mappingTemplate","id":"@1","name":"m_WithHParser_Case02830753","description":"Test Description","bundleVersion":"0","templateId":"@3","deployTime":1607100080000,"hasParameters":false,"valid":true,"fixedConnection":true,"hasParametersDeployed":false,"fixedConnectionDeployed":true,"tasks":1,"mappingPreviewFileRecordId":"@2","documentType":"","references":[{"@type":"reference","refObjectId":"@by4grxfF6GYcB6yd2jzvUc","refType":"hschema"},{"@type":"reference","refObjectId":"@d7qkXg0gDSAbpzN9GmGGc6","refType":"connection"}]}]