[{"@type":"mappingTemplate","id":"@1","name":"m_WithHParser_Case02830753","description":"Test Description","bundleVersion":"0","templateId":"@3","deployTime":1607100340000,"hasParameters":false,"valid":true,"fixedConnection":true,"hasParametersDeployed":false,"fixedConnectionDeployed":true,"tasks":1,"mappingPreviewFileRecordId":"@2","documentType":"","references":[{"@type":"reference","refObjectId":"@ad0DaJ5nEW2cFUgVkqnHyA","refType":"hschema"},{"@type":"reference","refObjectId":"@4E0MCLRwhWEgIKlYEV1xIj","refType":"connection"}]}]