[{"@type":"mappingTemplate","id":"@1","name":"m_WithXMLConnector_Case02830753","description":"","bundleVersion":"0","templateId":"@3","deployTime":1600078059000,"hasParameters":false,"valid":true,"fixedConnection":true,"hasParametersDeployed":false,"fixedConnectionDeployed":true,"tasks":1,"mappingPreviewFileRecordId":"@2","documentType":"","references":[{"@type":"reference","refObjectId":"@93N7ryNgIixjKbkYWLf1sf","refType":"connection"},{"@type":"reference","refObjectId":"@d7qkXg0gDSAbpzN9GmGGc6","refType":"connection"}]}]