[{"@type":"mappingTemplate","id":"@1","name":"m_FlatfileToOracle","description":"","bundleVersion":"0","templateId":"@3","deployTime":1572339303000,"hasParameters":false,"valid":true,"fixedConnection":true,"hasParametersDeployed":false,"fixedConnectionDeployed":true,"tasks":1,"mappingPreviewFileRecordId":"@2","documentType":"","references":[{"@type":"reference","refObjectId":"@dF9F6yfxwg8iY4NhfbgE43","refType":"connection"},{"@type":"reference","refObjectId":"@d7qkXg0gDSAbpzN9GmGGc6","refType":"connection"}]}]